id,name,sddress,salary,email,phone,gender,city
F5670C35-513E-4EC3-8DAE-AD7281830BA3,Lacota,France,69432,est@protonmail.ca,1-269-651-4412,M,Neunkirchen
C9EC4D52-6D60-CE46-7CCA-A30D0BC59346,Mollie,Mexico,66529,sem@yahoo.couk,(678) 841-8392,F,Hà Nội
D999763A-1500-A386-9C9B-5D1A15B981B5,Malcolm,Canada,63368,dui.fusce@hotmail.ca,(875) 274-5552,M,Dave
34ADC5DE-B746-2263-38EC-9763304B993D,Sylvester,Sweden,51842,auctor.odio.a@icloud.ca,1-792-505-1685,F,Montgomery
48727AC1-B4C2-C931-7183-5C7A5F1C21FB,Cora,Poland,48882,quam.vel@icloud.ca,(573) 758-8036,M,Delhi
685085D6-1884-D9E8-9DA3-4BE42C1A6225,Derek,Nigeria,89123,et.magna@outlook.ca,(724) 798-8514,F,Paita
E84929B2-879C-8C9A-6990-357BC752CDAA,Asher,Colombia,77662,nibh.donec@aol.couk,(522) 725-1110,M,Querétaro
D86C9EDE-C169-2C3E-F249-5AACC33D77CA,Olympia,Netherlands,72132,non.arcu@outlook.ca,1-481-117-2628,F,Moere
314CCE7A-2549-F181-82FC-3A2B445A1C78,Leroy,Austria,69105,quis.massa@icloud.edu,1-415-845-9803,M,Castres
E23B5674-F3F5-3E4C-13E0-43941E9F0B0A,Xandra,Colombia,52958,facilisis.lorem@google.com,1-718-722-1126,F,Cartagena
D933ED36-D536-F389-AD32-F38CB4008957,Kieran,Germany,64813,vitae.odio@hotmail.ca,(822) 332-1238,M,Stratford
29D4C8EC-16B2-C7BA-D540-85A81EF58C11,Liberty,Poland,54718,consequat.auctor.nunc@outlook.edu,(247) 218-8583,F,Guarapuava
D23E349F-31D4-652C-2D95-BCEB51304F94,Ishmael,Sweden,90637,cum.sociis@icloud.org,1-462-632-2372,M,Elbistan
0897C4C4-AE23-C4D0-3FA8-45E8D6E2BF99,Channing,Nigeria,55475,sem.magna@icloud.couk,1-452-724-3646,F,Chepén
EBCB4B18-56DE-F80B-F577-6A9B782A2300,Rajah,Russian Federation,54674,porttitor.eros.nec@icloud.com,(286) 160-9162,M,Hubei
42BEC71E-081D-86A4-9E0C-57AB4101C2BD,Buckminster,Colombia,70314,in.lobortis@icloud.edu,1-563-987-7175,F,Dieppe
CA748935-3AD9-D7E8-C68C-A2CC66019F48,Whilemina,Italy,82327,magna@hotmail.com,(527) 828-1382,M,Sichuan
DA849C27-CA62-9826-4C51-3B8B189768EE,Paki,Vietnam,77442,nisi.mauris@outlook.net,(384) 671-4184,F,Zierikzee
FEDA64AE-8707-1399-7B6A-32D9C5DF1691,Warren,United States,89658,metus.urna.convallis@outlook.org,1-347-976-8732,M,Bhakkar
C9689741-0B6C-C036-E161-2DC3EC71C46C,Michael,Italy,68381,dapibus.gravida@aol.net,(614) 671-3476,F,Wyoming
341CBEC4-F6A6-01AF-9A6A-94D1615661F2,Jorden,South Korea,80032,tortor.dictum@aol.couk,(228) 435-7368,M,Cuautla
420139FA-F53B-5B11-4569-ADE3EC8E3EDA,Kerry,Colombia,70209,consequat.enim@yahoo.ca,1-438-246-7355,F,Macau
0B12E86D-1C7C-3C36-DBC2-13D5E0F57263,Logan,Chile,84542,neque@google.com,1-725-539-8223,M,Rostov
6E06DABC-AE8D-9425-1AC1-E4D543FE4A0E,Jane,United Kingdom,65270,hendrerit.a@protonmail.com,1-840-877-2522,F,Vienna
7B7B3701-2128-FAD1-A453-825CD9BA0356,Armand,Germany,35557,proin.eget.odio@outlook.edu,1-125-753-5015,M,Santander
15AA188C-9C3C-26B3-E9A7-5B8AC99885EB,Upton,Nigeria,65246,eget.ipsum@google.ca,1-262-982-5858,F,Bajaur Agency
B9836D7A-452D-181E-734B-853ECACDB78F,Ivy,Belgium,47288,nullam.enim@outlook.ca,1-762-971-4735,M,Tarakan
11C432DC-2F49-5654-2C2E-5A32B469C171,Jamal,South Korea,97221,litora.torquent.per@hotmail.ca,1-637-518-3575,F,Salvador
77217E07-19B2-1AC0-DDA9-ED43F38E88AA,May,Costa Rica,36159,nec.orci@icloud.edu,1-676-564-4406,M,Marystown
D5F40125-38B3-7FE8-43D1-C01338593E3D,Aspen,Russian Federation,78950,pharetra.sed.hendrerit@protonmail.ca,1-846-355-1191,F,Town of Yarmouth
28D535A8-99BC-BE8B-B161-8C1038B330B4,Phyllis,United States,38628,egestas.duis@hotmail.edu,(487) 245-6814,M,Mjölby
3D5DF536-8EED-5DBA-B3E0-6E295B92A8CA,Sarah,Germany,89338,ante.lectus.convallis@yahoo.net,(759) 341-6434,F,La Dorada
56F71F13-409F-CCBC-287E-E4BAA19053DF,Uta,France,86794,pede.ultrices@icloud.net,(110) 565-1182,M,Söderhamn
61956E23-B028-6B23-962A-512E236624A3,Jakeem,Colombia,53955,id.ante.nunc@protonmail.ca,1-897-455-7113,F,Purmerend
B2EA729A-A7A3-7905-0E17-67CBD11ED2C2,Bruce,New Zealand,80967,mauris.sit@protonmail.com,1-233-682-4683,M,Napier
B0D53C20-2929-0429-AC92-DD4FF40C6C5E,Myra,Austria,68207,nisl.nulla@outlook.edu,(361) 483-9343,F,Orenburg
B3786045-FC21-74CA-6687-22782639C499,Lucy,Spain,99281,mus.proin@icloud.ca,1-481-388-5962,M,Banjarmasin
79B721C4-2D0D-773B-02B7-97C7C668EFF9,Julian,Mexico,52467,nisl.arcu@protonmail.com,(179) 638-8580,F,Palma de Mallorca
29277C83-F114-C415-3435-C888AE87353E,Patrick,Spain,92478,convallis.erat@hotmail.edu,(312) 813-1840,M,Kendari
D841A4EF-657C-1DF4-31C1-E391363968CC,Medge,Peru,86452,vestibulum.ut@outlook.net,(462) 736-3644,F,Red Deer
4E349BEB-D2AC-0FBA-11A6-6211E14A65B1,Denton,France,47726,rhoncus@hotmail.org,1-975-681-4319,M,Ziano di Fiemme
CAD99D76-D372-36EB-579A-8BED7A53B5E1,Ava,Italy,57046,ipsum.primis@protonmail.edu,1-482-274-8472,F,Rostock
DF2BC02C-3B4B-90AD-ABDE-F38C728C5235,Chloe,Brazil,44540,ante@protonmail.net,(832) 203-5487,M,Teruel
6E8F8793-9C82-9C12-DBDA-2E2B751E41FC,Leilani,Sweden,37418,donec.est@google.couk,1-289-659-4364,F,Santander
58E8B8CA-133D-DDD4-7FD5-83D3FAC12DD3,Abdul,Poland,88784,enim.etiam@outlook.ca,1-631-486-3751,M,Quảng Ngãi
5951806E-9567-7E32-DA81-97519F5B9662,Shafira,United Kingdom,36253,quis@aol.com,1-477-623-7755,F,Umerkot
F96AB113-1866-E597-7756-9E19BDDF8CB9,Michael,South Korea,37714,neque.morbi.quis@google.org,1-937-112-4697,M,Banff
7F27B199-A5F1-8C08-467D-F1BC99C79EC6,Briar,Pakistan,98518,ullamcorper@yahoo.couk,1-303-565-6373,F,Toulouse
2521BCBE-29CD-B986-49AB-B8E63E1444E6,Galvin,Peru,73435,cras.eget.nisi@google.net,(716) 341-4348,M,Mohmand Agency
03C59158-D1EB-D2DB-A225-962B1BD98A8D,Sasha,Costa Rica,70612,tortor@google.org,(433) 584-3442,F,Lelystad
27FD65F4-8C84-7A16-305B-5D7852B0612A,Jennifer,Nigeria,69921,hendrerit.consectetuer@icloud.ca,(627) 684-6825,M,Kessenich
F73DB849-62AD-B235-78D7-2585E550D1AA,Graiden,South Korea,48109,fringilla.donec.feugiat@yahoo.net,(586) 604-8242,F,Galway
F32B2E49-B83E-5455-AEB2-90A98C5D587C,Cassandra,Belgium,91905,ut.aliquam@protonmail.com,(361) 747-8340,M,Moss
5A30D173-1531-8B19-CD0C-4BDFB3F98585,Adrienne,Turkey,37921,sit.amet@hotmail.org,(965) 510-1716,F,Gatchina
13590288-63BD-AA23-733C-CCD95A646BFD,Regina,Netherlands,72272,at.pretium@protonmail.ca,1-576-170-7413,M,Owerri
A30A9695-E8FD-A836-3CFA-3371932935E3,Ray,Ireland,63737,morbi.tristique.senectus@icloud.com,(338) 757-3531,F,Raj Nandgaon
435799E5-52B6-9DF8-61E3-E8AF1517C58E,Addison,Chile,77125,aliquet.lobortis@hotmail.couk,1-539-412-5480,M,Swindon
C75FB744-DA0E-CC75-983C-49108A1586C9,Gwendolyn,Ireland,93000,molestie@hotmail.couk,1-547-219-6786,F,Toruń
B5D3EE76-158D-4884-538C-AFBE0F9F48F9,Rebecca,Ireland,37053,euismod.est.arcu@outlook.org,1-585-623-4335,M,Borås
EBCBD7AE-0719-6FD4-7618-02AE8DADBA24,Sydnee,Poland,51063,arcu@icloud.net,1-361-280-9545,F,Sant'Arsenio
3EE77DA5-38ED-12FA-6597-4C3528270BA6,Emerson,Colombia,71035,sapien@hotmail.net,(378) 222-9443,M,Padang
C1B75A9B-6585-DC54-DB26-916536132759,Tiger,Nigeria,36107,diam@hotmail.ca,1-112-612-8289,F,San José del Guaviare
6AE61C5D-6ED8-B451-E828-84A3224CA4D4,Germane,Spain,46486,lectus.pede@hotmail.edu,(857) 607-0288,M,Oviedo
CDD5F1B7-7E52-CA4A-E99C-695DD98E1967,Slade,Sweden,57455,orci.consectetuer.euismod@protonmail.ca,(606) 206-7370,F,Kano
549E9328-9242-8997-880A-D3E005925E57,Dominic,China,42098,nunc.sed@yahoo.org,1-430-661-1151,M,Heredia
81AD1C58-2606-BC20-0B21-6DE61C8E15C6,Vera,Chile,58889,aliquet.molestie@hotmail.ca,(655) 859-7178,F,Thionville
9D5189CD-65E3-FA9A-5E43-0D39DD7EEB59,Lila,Australia,98614,pede.blandit@outlook.couk,(337) 542-8898,M,Jeongeup
9335D11D-21A2-BDD9-6E79-052D8DEF3B6D,Alexandra,Nigeria,88468,tellus.phasellus.elit@protonmail.net,1-521-438-1951,F,Baton Rouge
E744B3C7-F479-6515-3D46-39BF573B331D,Clarke,Netherlands,76676,vulputate@icloud.net,1-207-987-7153,M,Tarma
5D4A13F5-E61A-CB45-5EF2-61AADA947388,Ralph,France,83905,nunc.interdum@hotmail.couk,1-341-545-2085,F,Götzis
39E865CB-8AAC-226B-8A02-C5C2C0829DE7,Gary,New Zealand,42173,auctor@protonmail.net,(528) 983-2251,M,Divinópolis
2D9D36CB-8CFA-93E7-BA99-6E2744415D6E,Alec,South Korea,80347,est.arcu.ac@google.net,1-300-887-1442,F,Lebach
7BCBFC96-8C2C-7273-CEE6-07B4ADB1857E,Tyler,Indonesia,48031,a.sollicitudin@yahoo.com,(850) 341-5414,M,Middelburg
77A9C65C-4C3D-EB4A-5684-617800914779,Zeph,Indonesia,65162,neque.sed@outlook.net,(155) 665-3828,F,Watson Lake
D8AF1354-24B6-5827-EB33-8C86D0A25C34,Lysandra,Indonesia,57993,bibendum.sed@protonmail.ca,(736) 833-2061,M,Liberia
B8F33748-ADB7-D547-BD4A-AB5D7776BD33,Kelly,Vietnam,72668,elementum.at.egestas@google.com,(779) 418-3236,F,Omaha
61D166AB-9247-B6EE-76DA-1016F974CF95,Wade,Costa Rica,71836,nisi.aenean@icloud.org,(471) 669-7365,M,Querétaro
A6AB856D-133F-73D2-1B86-8C42BB10D7C4,Vernon,United Kingdom,89353,metus@icloud.net,1-370-533-5489,F,Elbistan
2DEA39EA-7863-27E1-0675-46D863CCB74E,Tarik,Ireland,47829,ut@yahoo.ca,1-563-192-8382,M,Khushab
C3EB3E51-C84A-36A9-36CD-7E421455DCAE,Troy,Pakistan,88004,ante@outlook.ca,(765) 702-4773,F,Belfast
968C84EB-C75A-66D9-13D3-FCDB778BBCC2,Jamal,Spain,86903,augue.eu.tellus@aol.org,1-546-878-8614,M,Oviedo
1336F692-5C44-9429-D557-7924ACC616B1,Jaden,Spain,65742,sed@protonmail.ca,1-439-428-5485,F,Doñihue
815F5EAB-327E-1435-55CC-C2A80471964C,Shana,Canada,79132,cras.vulputate@google.edu,(361) 363-4674,M,Ocaña
1633740E-123F-20B3-BC47-3165B8C00B19,Melyssa,China,89398,diam.duis@outlook.couk,1-342-884-3838,F,Lipetsk
D8A0BE46-92AC-D924-4796-2C790229D2BF,Connor,Canada,86129,nibh.sit@outlook.ca,1-156-152-8242,M,Fogo
B6DFD682-14A4-ED20-E18B-C8819C144989,Kenyon,Costa Rica,39634,nec.euismod.in@icloud.net,1-248-303-3193,F,Sortland
1C72D232-9750-5576-79E9-4576C12DC2AB,Noelani,Germany,49570,lorem.ac@yahoo.org,(564) 961-7893,M,Sicuani
017D6658-62E0-F599-5327-A9096D2CF66F,James,Belgium,88619,metus.in.nec@aol.ca,1-957-835-3554,F,Göteborg
38C126B2-808D-0D1A-A693-DA41D20ECD7C,Dominique,Austria,46643,cras@yahoo.com,(431) 422-8631,M,Iquitos
2713B26A-88E4-2183-E8C6-7EBBEE8CB869,Ria,Brazil,74248,donec.tincidunt.donec@yahoo.net,(225) 287-3865,F,Talara
842811DC-28E3-1BBC-1857-3ED9E41DC951,Tamara,Germany,50107,ut.tincidunt.vehicula@google.net,(557) 753-2289,M,Orkanger
C7574128-D796-A53E-7C7B-E9E260AE9B2D,Yolanda,Netherlands,86995,eros.nec@protonmail.net,(529) 418-0724,F,Pangkalpinang
C3E5ED9D-1D76-30B1-DB21-A480EACE58E4,Kameko,United States,92075,nulla@google.ca,1-876-858-4885,M,Badajoz
13569D39-5384-AEE4-6014-46C9AA75A295,Dara,China,42416,etiam@aol.edu,(727) 697-7971,F,Zamora de Hidalgo
FBAB6DD2-9B50-1378-ED1A-32B4234E9275,Keaton,Mexico,43538,ut@outlook.couk,1-146-405-1746,M,Mokpo
81BA5605-D838-6829-56A4-8810735E294A,Nyssa,Turkey,68333,arcu.sed@outlook.com,(781) 237-3752,F,Voronezh
2363412D-10A9-8ACE-CEEF-56BDE424919C,Irma,Pakistan,68822,lorem.ut@protonmail.couk,(575) 585-7715,M,Socchieve
6FC9B64B-4F97-8309-8EED-965ED433B68E,Prescott,Costa Rica,44625,lacus.quisque.imperdiet@protonmail.com,(181) 674-8456,F,Ambresin
26B20AB5-79D8-BAF3-EBC4-765E86A88EB7,Kenyon,Costa Rica,61341,rhoncus@google.edu,1-444-741-7313,M,Killa Abdullah
3487E1C7-91ED-86B0-59DE-FEA0A16C9DA7,Kristen,Italy,36794,magna.nam@outlook.org,(343) 558-6493,F,Villahermosa
